SG_UF_RESIDENCIA,NU_IDADE,TP_SEXO,TP_ESTADO_CIVIL,TP_COR_RACA,TP_ESCOLA,Q001,Q002,Q005,Q006,Q025,NU_MED
SP,17,F,1,1,2,C,C,4,B,B,589.7
SP,17,F,1,1,2,C,C,4,D,B,575.1
SP,17,F,1,1,2,C,C,2,D,B,630.9
SP,18,M,1,1,2,B,B,3,C,B,635.2
SP,18,M,1,1,2,B,A,3,D,B,578.0600000000001
SP,17,F,1,2,1,A,A,6,C,B,404.6
SP,17,F,1,1,1,A,B,4,C,B,473.84
SP,17,F,1,1,1,A,A,8,B,B,482.41999999999996
SP,17,M,1,1,1,A,A,4,C,B,589.6800000000001
SP,17,M,1,2,1,A,B,5,D,B,602.0600000000001
SP,17,M,1,1,2,B,B,4,B,B,623.08
SP,18,F,1,2,1,D,A,5,C,B,442.08000000000004
SP,17,F,1,2,2,A,C,3,C,B,514.4
SP,18,M,1,1,1,B,C,4,C,B,576.5
SP,17,M,1,1,2,B,B,3,B,B,671.6600000000001
SP,17,F,1,2,1,A,A,3,B,B,566.3199999999999
SP,18,F,1,1,1,D,A,2,A,B,401.44000000000005
SP,17,F,1,2,1,A,A,5,B,B,400.86
SP,18,M,1,2,2,B,B,5,D,B,494.53999999999996
SP,17,M,1,2,1,A,B,3,C,B,553.74
SP,18,F,1,1,1,D,A,2,B,B,622.82
SP,18,F,1,2,1,A,A,3,C,B,529.42
SP,17,M,1,1,1,A,B,3,B,B,531.1
SP,17,M,1,1,2,C,C,3,D,B,693.88
SP,18,F,1,1,1,B,A,5,C,B,570.2
SP,17,M,1,1,1,A,B,4,B,B,610.1800000000001
SP,17,M,1,2,1,A,A,2,B,B,433.46000000000004
SP,17,M,1,1,2,A,B,4,C,B,568.64
SP,18,M,1,1,2,B,B,4,D,B,621.76
SP,18,M,1,1,2,C,C,4,D,B,553.1
SP,17,F,1,2,1,B,B,5,C,B,424.62
SP,18,F,1,2,1,A,B,3,C,B,501.96000000000004
SP,17,F,1,1,1,A,A,6,A,B,401.96000000000004
SP,18,F,1,2,1,A,A,5,C,B,532.5600000000001
SP,18,F,1,2,1,C,B,6,B,B,482.8
SP,17,M,1,1,1,B,B,6,B,B,470.36
SP,17,M,1,2,1,B,B,3,D,B,604.28
SP,18,F,1,1,1,A,B,3,A,B,426.7
SP,17,F,1,2,1,B,B,3,C,B,440.4599999999999
SP,17,F,1,1,1,A,A,4,C,B,530.02
SP,18,M,1,2,1,B,B,4,B,B,663.52
SP,17,M,1,1,1,A,A,2,B,B,614.28
SP,18,F,1,1,1,A,A,4,B,B,507.5799999999999
SP,17,F,1,1,2,C,C,3,D,B,560.5600000000001
SP,17,M,1,2,1,A,A,2,B,B,568.78
SP,17,M,1,2,1,B,A,4,B,B,443.2
SP,17,F,1,2,2,A,A,4,C,B,518.12
SP,18,M,1,2,1,A,B,6,B,B,572.72
SP,18,F,1,2,1,A,B,5,C,A,398.08
SP,18,F,1,1,2,C,B,3,C,B,486.71999999999997
SP,17,F,1,1,1,A,B,5,B,B,514.84
SP,17,F,1,1,1,C,C,5,C,B,467.14
SP,18,M,1,1,2,C,C,3,D,B,502.6
SP,18,F,1,2,1,C,B,3,D,B,483.2
SP,17,F,1,1,2,B,C,4,C,B,571.7
SP,17,M,1,1,1,A,A,4,B,B,550.3
SP,17,F,1,1,1,B,C,4,C,B,547.9599999999999
SP,17,M,1,2,1,A,A,5,B,B,431.1
SP,17,F,1,2,1,A,B,3,B,B,579.2
SP,17,F,1,2,1,D,B,3,B,B,535.4
SP,17,M,1,1,1,B,B,3,C,B,505.14
SP,17,M,1,1,2,C,C,4,C,B,696.04
SP,17,M,1,1,1,B,C,3,C,B,444.03999999999996
SP,17,F,1,1,2,C,C,4,D,B,592.3799999999999
SP,18,F,1,2,1,B,C,2,C,B,563.1600000000001
SP,18,F,1,1,1,A,B,4,D,B,661.3
SP,17,F,1,1,1,B,C,5,C,B,359.32000000000005
SP,17,F,1,1,1,B,B,3,B,B,525.62
SP,18,F,1,1,1,B,B,3,B,B,468.02
SP,17,M,1,1,1,A,B,3,C,B,411.03999999999996
SP,18,F,1,1,1,A,A,5,C,B,433.0400000000001
SP,17,F,1,1,2,C,C,4,C,B,660.62
SP,18,M,1,1,2,C,B,4,D,B,529.0200000000001
SP,17,M,1,2,1,B,A,4,C,B,533.74
SP,17,F,1,1,1,B,B,4,D,B,586.3199999999999
SP,17,M,1,2,1,B,A,4,C,B,500
SP,17,M,1,1,1,B,B,4,C,B,554.0600000000001
SP,17,M,1,1,1,B,C,6,C,B,514.6600000000001
SP,17,F,1,2,1,B,A,3,A,A,493.62000000000006
SP,20,F,1,2,1,A,A,7,C,B,326.58000000000004
SP,17,M,1,1,1,C,C,3,D,B,620.64
SP,17,F,1,2,1,B,B,5,C,B,510.41999999999996
SP,18,M,1,1,1,A,A,3,B,B,564.4
SP,17,F,1,1,1,A,A,5,B,B,564.7
SP,18,M,1,1,1,A,B,5,B,B,346.14
SP,17,F,1,2,1,A,A,5,C,B,608.6600000000001
SP,17,M,1,2,1,B,B,3,B,B,534.56
SP,18,M,1,1,1,A,A,3,C,B,501.06000000000006
SP,17,M,1,2,1,C,C,5,C,B,480.1
SP,17,F,1,1,2,B,B,3,D,B,600.1200000000001
SP,17,M,1,1,1,A,B,4,B,B,335.94
SP,17,F,1,1,2,C,C,3,D,B,662.26
SP,17,F,1,2,1,A,A,3,B,B,502.0799999999999
SP,17,F,1,2,1,A,A,9,D,B,575
SP,17,F,1,1,2,B,C,3,B,B,542.32
SP,17,F,1,2,1,A,A,4,A,B,434.06000000000006
SP,17,M,1,2,1,D,B,4,A,B,390.36
SP,19,F,1,1,1,D,A,5,B,B,431.02
SP,17,F,1,2,1,B,C,4,C,B,516.6
SP,18,F,1,1,2,B,C,3,C,B,654.1199999999999
SP,17,M,1,1,2,C,C,3,D,B,506.14
SP,17,F,1,1,1,A,A,3,B,B,520.38
SP,18,F,1,1,1,A,B,4,B,B,591.72
SP,18,M,1,1,1,B,B,2,D,B,479.16
SP,17,M,1,1,1,A,B,4,C,B,645.64
SP,18,M,1,2,1,A,A,3,B,B,512
SP,17,F,1,1,1,B,B,3,B,B,518.44
SP,17,F,1,2,1,B,C,3,D,B,552.1
SP,45,M,1,1,1,A,A,2,B,B,540.42
SP,18,F,1,1,2,B,B,4,D,B,592.96
SP,18,F,1,1,1,A,B,3,B,B,573.96
SP,17,F,1,1,2,C,C,3,D,B,586.1600000000001
SP,17,M,1,2,2,C,C,3,C,B,658.04
SP,17,F,1,1,2,B,B,6,C,B,549.8199999999999
SP,17,M,1,1,2,C,C,3,A,B,650.4
SP,17,M,1,2,1,B,B,5,B,B,510.76000000000005
SP,17,M,1,1,2,B,A,4,C,B,574.08
SP,17,M,1,2,1,A,B,4,B,B,527.1600000000001
SP,17,F,1,2,1,A,C,3,C,B,401.48
SP,18,M,1,2,1,B,B,6,C,A,556.9200000000001
SP,17,M,1,2,2,C,B,4,D,B,570.08
SP,17,F,1,1,1,B,C,4,C,B,377.78000000000003
SP,17,F,1,1,1,A,B,4,C,B,576.72
SP,19,M,1,2,1,C,C,2,C,B,567.1200000000001
SP,24,F,1,1,1,C,B,2,D,B,536.1
SP,17,F,1,1,2,C,C,3,D,B,643.16
SP,17,F,1,1,1,B,B,3,C,B,599.9
SP,17,M,1,2,1,B,A,4,B,A,491.76000000000005
SP,17,F,1,2,1,A,A,5,A,B,564.3
SP,17,M,1,1,1,A,A,4,C,B,472.4
SP,18,M,1,1,1,B,C,4,B,B,577.5600000000001
SP,18,M,1,2,1,B,B,6,B,A,539.48
SP,17,M,1,1,1,C,C,3,C,B,627.5
SP,17,M,1,2,1,B,A,3,C,A,539.36
SP,17,F,1,1,1,A,B,4,C,B,393.32
SP,17,M,1,1,1,C,A,4,B,B,530.38
SP,17,F,1,2,1,A,B,5,B,B,456.56000000000006
SP,17,M,1,1,1,B,B,3,B,B,583.62
SP,17,F,1,1,1,B,B,4,B,B,300.18
SP,17,F,1,1,1,B,B,4,C,B,417.38
SP,17,M,1,1,2,B,B,4,C,B,637
SP,17,F,1,2,1,B,B,4,B,B,486.7
SP,18,F,1,1,1,A,B,4,D,B,589.6400000000001
SP,17,F,1,2,1,B,B,6,C,B,507.8
SP,17,F,1,1,1,B,B,5,B,B,477.68
SP,17,M,1,2,1,C,B,2,B,B,484.44000000000005
SP,18,F,1,2,1,D,C,5,D,A,623.3399999999999
SP,17,F,1,1,1,B,B,3,C,B,481.82
SP,17,F,1,1,1,C,B,5,D,B,645.26
SP,18,M,1,1,2,B,C,4,D,B,622.0600000000001
SP,17,F,1,2,1,B,B,4,D,B,558.46
SP,17,F,1,1,2,C,B,4,D,B,687.24
SP,18,M,1,1,2,C,B,4,B,B,603.72
SP,17,M,1,2,1,B,B,3,C,B,707.02
SP,17,F,1,2,1,B,B,3,B,B,432.43999999999994
SP,17,M,1,1,2,B,C,4,C,B,469.68
SP,18,M,1,2,1,B,C,3,D,B,557.7
SP,17,F,1,1,2,D,C,4,D,B,634.74
SP,17,F,1,1,2,B,C,4,D,B,625.46
SP,17,F,1,1,2,B,C,3,D,B,569.3599999999999
SP,17,F,1,2,1,A,B,5,C,B,493.02
SP,17,F,1,2,2,A,A,5,B,A,520.26
SP,17,F,1,1,2,C,C,4,C,B,700.46
SP,17,F,1,1,1,A,C,4,C,B,483.5
SP,18,F,1,1,2,A,A,5,B,B,569.58
SP,17,M,1,2,1,C,B,3,B,B,532.5200000000001
SP,17,F,1,2,1,A,A,4,B,B,521.3199999999999
SP,17,F,1,1,1,A,B,3,B,B,472.0200000000001
SP,17,F,1,2,1,A,A,4,C,B,463.03999999999996
SP,17,M,1,2,1,B,B,3,B,B,404.58000000000004
SP,17,F,1,1,2,B,B,3,D,B,656.1
SP,17,F,1,1,1,A,C,5,B,B,487.06000000000006
SP,17,M,1,2,1,B,B,2,B,A,487.5
SP,18,F,1,1,2,B,B,4,D,B,666.3199999999999
SP,17,F,1,1,1,A,A,4,B,B,424.2200000000001
SP,19,F,1,1,1,B,A,6,B,B,433.82000000000005
SP,17,F,1,1,1,B,B,5,D,B,650.22
SP,17,F,1,2,1,A,B,4,A,B,537.02
SP,17,F,1,2,1,A,A,6,B,B,597.6600000000001
SP,17,F,1,2,1,C,B,3,B,B,518.72
SP,17,F,1,2,1,C,A,5,B,B,503.46000000000004
SP,17,F,1,2,1,B,C,5,D,B,498.0799999999999
SP,17,F,1,1,1,C,D,5,B,B,489.64
SP,18,F,1,1,2,C,C,3,C,B,640.74
SP,17,M,1,1,1,B,C,2,B,B,596.76
SP,17,F,1,2,1,B,B,5,B,B,500.14000000000004
SP,19,F,1,2,1,B,A,4,B,B,479.14
SP,17,F,1,2,1,B,B,3,B,B,513.9799999999999
SP,19,F,1,2,1,A,A,2,B,B,410.3
SP,17,F,1,2,1,A,C,3,C,B,460.58000000000004
SP,18,F,1,2,1,A,A,5,B,B,426.7
SP,18,M,1,1,1,B,C,3,C,B,481.56000000000006
SP,17,F,1,1,2,C,C,4,D,B,632.56
SP,20,M,1,1,1,A,A,3,A,B,436.8
SP,17,M,1,2,1,B,B,6,C,B,505.34
SP,18,M,1,1,1,A,A,4,B,B,370.62
SP,18,F,1,1,2,B,D,6,C,B,645.76
SP,18,M,1,1,1,B,B,2,C,B,595.08
SP,17,M,1,1,1,A,A,4,A,B,605.8
SP,17,F,1,1,2,C,B,3,D,B,630.72
SP,17,F,1,2,2,C,B,2,C,B,579.22
SP,17,M,1,1,2,C,C,3,D,B,601.6
SP,17,M,2,1,2,A,C,3,C,B,560.8
SP,18,F,1,2,2,D,D,5,B,B,439.8
SP,17,M,1,1,1,D,A,7,A,B,537.3
SP,18,M,1,1,1,B,C,4,B,B,540.8399999999999
SP,17,F,1,2,1,A,A,5,B,B,416.7
SP,17,M,1,2,1,B,B,4,C,B,645.5600000000001
SP,18,M,1,2,1,A,C,3,A,B,555.4399999999999
SP,18,F,1,1,1,A,C,3,D,B,493.7
SP,17,F,1,1,1,B,B,2,B,B,456.12
SP,17,M,1,2,1,D,A,5,C,B,495.14
SP,17,M,1,2,1,A,A,3,B,B,529.4
SP,18,M,1,1,2,D,D,4,D,B,692.48
SP,17,M,1,1,2,C,C,3,D,B,666.58
SP,18,M,1,2,1,A,A,4,B,B,517.02
SP,17,M,1,1,1,A,C,4,D,B,615.1600000000001
SP,18,F,1,1,2,B,B,4,D,B,645.76
SP,17,M,1,2,1,B,A,6,C,B,473.56000000000006
SP,17,F,1,1,1,A,A,5,B,B,458.37999999999994
SP,17,M,1,1,2,C,C,4,D,B,563.0400000000001
SP,19,F,1,1,1,D,B,5,B,B,390.91999999999996
SP,17,F,1,2,1,A,C,4,D,B,520.9399999999999
SP,21,F,1,1,1,A,A,5,B,B,533.78
SP,18,F,1,1,2,C,C,4,D,B,715.92
SP,17,F,1,1,1,A,A,3,B,B,512.7
SP,17,F,1,1,2,C,B,3,D,B,644.6
SP,18,F,1,1,2,C,C,3,D,B,665.6600000000001
SP,17,F,1,2,1,B,A,10,B,B,406.46
SP,17,F,1,1,1,A,B,4,B,B,467.68
SP,17,F,1,1,2,B,C,4,D,B,500.06000000000006
SP,17,M,1,1,2,B,C,3,C,B,559.8199999999999
SP,17,M,1,1,1,A,A,6,B,B,616.36
SP,18,F,1,1,2,A,A,4,D,B,642.42
SP,17,M,1,2,1,B,B,3,B,B,537.18
SP,17,M,1,1,2,C,B,4,C,B,584.4200000000001
SP,18,M,1,1,1,D,B,7,B,B,592.6800000000001
SP,17,M,1,2,1,A,C,3,C,B,624.58
SP,18,F,1,1,2,C,C,4,D,B,602.4799999999999
SP,17,F,1,2,1,B,B,4,C,B,419.8
SP,17,M,1,1,2,A,B,2,C,B,646.6600000000001
SP,18,F,1,1,1,D,A,4,C,B,449.8
SP,17,M,1,2,2,C,C,4,D,B,680.6
SP,17,F,1,1,2,C,C,3,D,B,695.78
SP,17,M,1,1,1,B,C,3,C,B,500.06000000000006
SP,19,M,1,1,1,A,A,5,A,B,520.92
SP,19,M,1,1,1,B,C,4,B,B,565.9
SP,17,M,1,2,1,B,C,3,C,B,468.43999999999994
SP,17,F,1,1,1,B,B,6,C,B,504.18
SP,17,M,1,1,1,B,A,5,C,B,572.68
SP,17,F,1,1,1,A,A,3,A,B,505.28000000000003
SP,19,F,1,2,1,B,A,3,B,A,470.56000000000006
SP,18,M,1,1,2,B,A,4,C,B,473.41999999999996
SP,17,F,1,1,1,A,B,4,A,B,511.9
SP,18,M,1,2,1,B,C,4,B,B,586.1800000000001
SP,17,F,1,2,2,B,C,3,C,B,677.76
SP,17,M,1,1,1,A,B,4,C,B,501.73999999999995
SP,18,M,1,1,2,C,C,5,D,B,668.26
SP,17,F,1,1,1,A,B,5,C,B,557.6
SP,17,F,1,1,1,C,B,4,D,B,555.3
SP,17,M,1,1,1,A,A,3,C,B,545.9799999999999
SP,17,F,1,1,1,A,B,4,B,B,437.3
SP,17,F,1,1,2,C,C,3,D,B,556.8
SP,17,M,1,2,1,B,B,6,C,B,561.54
SP,18,F,1,1,2,B,B,3,C,B,573.74
SP,17,F,1,1,2,C,C,4,D,B,721.5600000000001
SP,18,F,1,1,1,A,A,4,C,B,491.08000000000004
SP,18,F,1,1,2,C,C,2,D,B,606.38
SP,17,M,1,2,1,A,A,3,D,B,508.16
SP,18,F,1,2,1,A,B,4,C,B,364.09999999999997
SP,17,F,1,1,1,B,B,3,B,B,434.96000000000004
SP,18,F,1,2,1,A,A,5,C,B,450.12
SP,17,F,1,1,2,B,B,4,C,B,468.48
SP,18,F,1,1,2,A,B,4,C,B,621.3
SP,17,M,1,2,2,B,C,4,C,B,516.6800000000001
SP,17,M,1,1,2,C,C,3,C,A,525.4599999999999
SP,18,M,1,1,2,B,C,4,C,B,532.6
SP,17,F,1,1,1,B,A,6,A,A,547.68
SP,19,F,1,2,1,D,D,3,B,B,452.34
SP,17,M,1,1,1,C,B,3,B,B,485.82
SP,17,M,1,1,2,C,C,2,D,B,533.08
SP,17,F,1,2,1,D,D,3,C,B,429.53999999999996
SP,18,F,1,2,1,D,A,8,A,B,503.43999999999994
SP,17,F,1,1,1,A,A,4,C,B,513.06
SP,17,F,1,1,1,A,A,4,C,B,692.62
SP,17,M,1,2,1,A,B,5,C,B,488.46000000000004
SP,17,F,1,1,2,A,A,4,B,B,542.76
SP,17,M,1,1,1,C,C,3,D,B,728.88
SP,17,F,1,1,1,D,B,5,B,B,471.9
SP,17,F,1,1,1,A,A,6,A,B,372.08000000000004
SP,18,F,1,2,1,D,A,3,B,B,492.18
SP,17,M,1,1,2,C,B,4,D,B,638.36
SP,17,F,1,2,1,D,B,3,B,B,591.5799999999999
SP,18,F,1,1,2,D,D,4,C,B,590.68
SP,18,F,1,1,2,D,D,4,C,B,520.8
SP,17,F,1,1,1,C,A,3,A,B,492.0799999999999
SP,17,F,1,1,1,A,B,4,C,A,655.8
SP,17,M,1,1,1,C,C,3,C,B,593.98
SP,17,F,1,1,1,B,A,3,B,B,510.66
SP,17,F,1,2,1,A,A,6,C,B,549.4599999999999
SP,18,F,1,1,2,C,C,3,D,B,676.5
SP,17,F,1,1,1,A,B,7,C,B,614.64
SP,17,M,1,2,1,B,B,4,C,B,437.88
SP,17,F,1,1,1,A,B,6,C,B,412.93999999999994
SP,18,F,1,1,1,A,B,2,B,B,417.4
SP,18,F,1,2,1,D,A,4,B,A,510.3
SP,18,M,1,1,2,A,A,6,D,B,636.14
SP,23,M,1,2,1,A,A,2,A,B,492.2
SP,17,F,1,1,2,A,B,4,C,B,487.2799999999999
SP,18,F,1,1,1,D,B,4,B,B,483.8
SP,17,F,1,2,1,A,B,5,C,B,484.91999999999996
SP,18,M,1,1,1,B,C,2,B,B,535.9
SP,17,F,1,1,1,C,C,4,D,B,667
SP,18,F,1,1,1,B,B,5,C,B,610.02
SP,17,F,1,1,1,B,C,4,D,B,686.8
SP,18,F,1,1,1,C,B,4,C,B,490.86
SP,18,F,1,1,1,D,D,4,D,B,540.26
SP,17,F,1,2,1,C,C,6,D,B,524.68
SP,17,M,1,2,1,A,B,4,C,B,542.3
SP,18,M,1,2,1,A,B,3,A,B,506.38
SP,17,F,1,1,2,B,C,4,D,B,636.9399999999999
SP,17,F,1,2,1,B,B,3,A,B,503.62
SP,17,F,1,2,1,A,A,5,B,B,499.98
SP,17,F,1,2,1,B,A,6,C,B,504.41999999999996
SP,17,M,1,1,1,A,A,4,B,A,600.22
SP,17,F,1,1,1,A,C,4,D,B,481.84
SP,18,F,1,1,1,A,A,4,C,B,546.26
SP,17,F,1,2,1,B,A,4,B,B,419.7
SP,17,M,1,2,1,C,C,4,D,B,572.46
SP,17,M,1,1,2,B,C,4,C,B,656.9
SP,17,M,1,2,1,B,B,4,C,B,517.8399999999999
SP,17,F,1,1,1,B,B,4,C,B,528.0600000000001
SP,18,F,1,1,1,C,B,4,C,B,487.73999999999995
SP,17,F,1,1,1,A,A,3,C,B,477.53999999999996
SP,17,M,1,1,1,C,C,3,D,B,651.18
SP,18,F,1,1,1,A,B,5,B,B,515.16
SP,17,F,1,2,1,D,A,4,A,B,467.43999999999994
SP,17,M,1,1,1,A,A,5,A,B,457.71999999999997
SP,17,M,1,2,1,B,A,6,B,B,526.08
SP,17,M,1,1,1,B,B,4,D,B,663.1400000000001
SP,19,F,1,1,1,B,B,3,B,B,440.21999999999997
SP,18,F,1,2,1,A,A,4,B,B,411.34
SP,17,M,1,1,2,C,C,3,D,B,611.02
SP,17,F,1,1,1,B,B,3,C,B,463.62000000000006
SP,17,F,1,1,1,A,A,4,B,B,516.8
SP,17,M,1,1,2,B,B,4,D,B,604.5
SP,17,F,1,1,2,B,B,4,B,B,512.3399999999999
SP,17,M,1,1,1,B,B,4,C,B,609.7
SP,17,M,1,2,1,A,A,7,C,A,446.26000000000005
SP,18,M,1,1,1,B,A,5,B,B,488.56000000000006
SP,18,M,1,2,1,B,A,5,B,B,421.94000000000005
SP,17,M,1,2,1,B,A,6,B,A,482.41999999999996
SP,17,F,1,1,1,A,B,2,B,B,528.38
SP,17,F,1,1,1,A,A,4,B,B,518.8399999999999
SP,17,M,1,2,1,D,B,4,C,B,440.9599999999999
SP,17,M,2,2,1,B,B,5,C,B,439.78000000000003
SP,17,M,1,2,1,B,A,5,B,B,625.3
SP,17,F,1,1,2,B,A,3,C,B,492.14
SP,17,F,1,1,2,B,C,3,C,B,541.1800000000001
SP,17,M,1,1,1,C,C,5,D,B,458.91999999999996
SP,17,F,1,1,1,B,B,4,C,B,624.58
SP,18,M,1,1,1,A,A,4,B,B,467.12
SP,17,F,1,2,1,B,A,4,C,B,557.8
SP,17,M,1,2,1,A,B,3,C,B,472.43999999999994
SP,17,F,1,1,2,C,C,4,D,B,613.76
SP,17,F,1,2,1,A,A,3,B,B,491.62
SP,46,M,2,2,1,A,A,4,B,B,491.32
SP,17,M,1,1,2,C,C,2,D,B,737.1800000000001
SP,17,F,1,2,1,A,A,3,B,B,419.82
SP,17,M,1,1,2,C,C,3,C,B,643.4399999999999
SP,17,M,1,2,1,A,B,4,C,B,553.7
SP,17,M,1,1,1,B,B,4,C,B,430.06000000000006
SP,17,M,1,2,1,A,A,5,B,B,484.71999999999997
SP,17,F,1,1,1,B,A,3,B,B,520.24
SP,17,M,1,1,2,C,C,3,C,B,638.76
SP,17,M,1,1,2,C,C,4,D,B,668.9399999999999
SP,17,F,1,1,1,D,B,2,A,B,467.02
SP,17,F,1,1,1,B,C,5,C,B,532.04
SP,17,M,1,1,2,B,B,2,B,B,626.8799999999999
SP,18,F,1,1,1,B,B,4,C,B,674.72
SP,17,M,1,1,1,B,A,3,C,B,525.64
SP,17,F,1,1,1,A,B,4,D,B,605.8399999999999
SP,17,F,1,1,1,A,B,4,B,B,531.36
SP,17,F,1,2,1,A,A,2,B,B,478.43999999999994
SP,18,M,1,1,2,A,B,4,D,B,637.74
SP,17,M,1,2,2,A,B,3,C,B,586.8
SP,17,F,1,2,1,A,A,3,A,A,463.76000000000005
SP,17,M,1,2,1,A,A,4,B,B,512.46
SP,17,M,1,2,1,A,C,3,D,B,496.28000000000003
SP,17,F,1,1,2,B,B,3,C,B,641.1200000000001
SP,17,M,1,1,1,B,C,4,C,B,570.2
SP,17,M,1,2,1,A,D,3,B,B,486.5799999999999
SP,18,M,1,2,1,D,A,4,A,B,493.78000000000003
SP,17,F,1,2,1,B,B,4,A,B,562.1
SP,17,M,1,1,1,B,A,2,B,B,582.3
SP,17,F,1,1,1,B,B,3,D,B,483.21999999999997
SP,17,F,1,1,1,B,C,4,C,B,561.6
SP,17,F,1,2,1,B,A,4,B,B,615.7
SP,17,F,1,1,1,A,A,3,B,A,487.1
SP,17,F,1,2,1,B,B,5,B,B,439
SP,17,F,1,1,1,B,B,4,B,B,638.82
SP,17,F,1,1,1,D,C,3,D,B,564.54
SP,17,M,2,1,1,A,B,3,C,B,415.7
SP,17,F,1,2,1,B,A,4,C,B,573.96
SP,17,F,1,1,1,A,A,6,C,B,595.08
SP,17,F,1,1,1,A,A,5,C,B,423.26000000000005
SP,18,M,1,1,1,A,C,5,C,B,480.7200000000001
SP,17,F,1,1,1,C,C,3,B,B,578.6800000000001
SP,17,M,1,1,1,A,A,7,C,B,524.04
SP,17,M,1,1,1,B,C,3,B,B,574.4
SP,17,M,1,1,1,B,B,4,C,B,627.6600000000001
SP,17,F,1,1,2,A,B,3,C,B,517.3
SP,17,F,1,2,1,B,B,4,C,B,516.6
SP,17,M,1,2,1,B,C,4,D,B,515.84
SP,17,F,1,1,1,B,B,2,B,B,453.52
SP,17,M,1,1,1,B,C,2,B,B,526.72
SP,18,F,1,1,1,A,B,5,C,B,476.58000000000004
SP,17,M,1,1,1,B,C,4,D,B,562.62
SP,17,F,1,2,1,A,A,4,B,B,469.03999999999996
SP,18,F,1,1,2,C,C,4,D,B,669.4
SP,17,F,1,1,1,A,B,4,B,B,563.3
SP,17,F,1,2,1,B,B,4,C,B,590.98
SP,18,F,1,2,1,C,B,2,B,B,543.76
SP,18,F,1,2,1,A,B,2,B,A,472.48
SP,18,F,1,1,2,B,C,4,D,B,690.42
SP,18,F,1,1,1,A,A,3,C,B,469.23999999999995
SP,17,F,1,1,1,A,A,3,B,B,551.1600000000001
SP,17,F,1,2,1,B,B,4,C,B,541.88
SP,17,M,1,1,1,B,D,5,B,B,479.68
SP,17,F,1,2,1,B,C,4,C,B,523
SP,17,M,1,2,1,A,A,4,B,B,593.3
SP,17,M,1,1,1,C,B,3,D,B,563.98
SP,17,M,1,1,1,C,A,4,C,B,578.5200000000001
SP,17,F,1,1,1,D,C,9,B,B,496.12
SP,20,M,1,1,1,B,B,4,A,B,407.78000000000003
SP,17,M,1,2,1,D,A,4,C,B,508.5
SP,17,M,1,2,2,B,C,6,D,B,503.14
SP,17,M,1,1,1,B,B,5,C,B,493.08000000000004
SP,18,F,1,1,2,C,B,4,D,B,568.86
SP,17,M,1,1,1,B,C,4,C,B,605.1600000000001
SP,18,M,1,1,2,D,C,2,C,B,629.64
SP,17,F,1,2,1,B,A,5,B,B,487.8
SP,17,F,1,2,1,A,A,6,B,B,569.8
SP,18,F,1,1,1,C,B,2,B,B,498.06000000000006
SP,17,M,1,1,2,C,C,5,D,B,632.5
SP,18,M,1,1,1,C,C,5,B,B,601.32
SP,18,F,1,1,1,A,A,3,B,B,436.02
SP,16,M,1,1,1,C,C,8,D,B,507.62
SP,19,F,1,2,1,B,C,3,C,A,477.36
SP,17,M,1,1,2,C,C,2,D,B,698.1
SP,17,F,1,1,1,A,A,4,B,B,431.15999999999997
SP,18,M,1,2,1,A,A,3,B,B,526.0799999999999
SP,17,M,1,1,2,C,C,3,D,B,550.6800000000001
SP,17,F,1,2,1,D,B,5,B,B,507.76000000000005
SP,17,F,1,1,1,C,C,4,D,B,649.02
SP,17,F,1,1,1,A,B,4,A,A,459.12
SP,18,M,1,1,1,B,C,3,D,B,653.1
SP,17,M,1,1,2,B,B,3,C,B,547.46
SP,17,F,1,1,1,C,B,2,C,A,547.48
SP,17,M,1,1,1,A,B,4,C,B,476.88
SP,17,M,1,1,1,D,B,3,C,B,502.12
SP,17,M,1,1,1,B,B,4,C,B,543.86
SP,17,F,1,2,1,B,B,5,C,B,509
SP,17,M,1,2,1,A,A,8,B,B,436.34
SP,17,F,1,2,1,A,A,4,C,B,457.6
SP,17,F,1,1,1,B,B,4,C,B,471.78000000000003
SP,17,M,1,2,1,A,A,7,B,B,432.84
SP,17,F,1,1,1,B,B,3,D,B,670.86
SP,17,F,1,1,2,C,B,4,D,B,540.64
SP,18,M,1,1,2,B,C,4,C,B,629.3
SP,17,F,1,2,1,A,A,4,B,A,586.26
SP,17,M,1,2,2,C,C,3,D,B,649.0600000000001
SP,17,F,1,1,2,C,C,4,C,B,579.52
SP,17,F,1,1,1,A,A,4,C,B,562.52
SP,17,M,1,1,1,B,C,4,C,B,490.93999999999994
SP,17,F,1,2,1,A,B,6,A,A,419.08000000000004
SP,17,F,1,1,1,B,B,3,A,A,525.5
SP,18,F,1,2,1,A,A,3,B,B,625.24
SP,17,F,1,1,1,B,B,3,B,B,452.64
SP,17,M,1,2,1,B,A,2,A,B,640.0200000000001
SP,17,M,1,1,1,B,C,3,C,B,574.4
SP,17,F,1,1,1,B,A,3,C,B,588.4399999999999
SP,17,F,1,1,2,C,C,4,D,B,613.9399999999999
SP,17,M,1,1,1,B,B,5,C,B,599.78
SP,17,F,1,2,1,C,B,3,C,B,512.96
SP,17,M,1,1,2,C,C,3,D,B,719.5
SP,18,F,1,1,2,B,C,4,C,B,699.74
SP,17,F,1,2,1,A,A,4,A,B,515.22
SP,18,F,1,1,2,B,C,3,D,B,554
SP,19,M,1,1,1,A,A,5,C,B,406.34000000000003
SP,17,M,1,1,2,B,C,4,D,B,686.94
SP,17,M,1,1,2,C,B,4,C,B,662.3799999999999
SP,17,M,1,2,1,A,A,4,C,B,536.98
SP,17,F,1,2,1,A,A,3,A,B,592.8
SP,18,F,1,1,2,C,C,6,D,B,705.1800000000001
SP,18,M,1,1,1,B,B,4,C,B,403.9
SP,17,F,1,2,1,B,C,3,C,B,441.16
SP,17,F,1,1,1,B,C,3,C,B,596.3399999999999
SP,17,F,1,2,1,A,B,5,B,B,582.38
SP,17,M,1,1,2,C,C,4,C,A,518.0200000000001
